{
	"brightness": 3.0,
	"diffuseSPH":[ 0.424915, 0.401098, 0.37917, 0.0722798, 0.0660927, 0.0652482, -0.267893, -0.274068, -0.265105, -0.0299198, -0.0241583, -0.0214964, -0.00572038, -0.00484295, -0.00495859, -0.0176589, -0.0170786, -0.0165293, 0.116478, 0.115367, 0.107596, 0.00535522, 0.00815937, 0.0079678, 0.0204881, 0.0191761, 0.0182996, 0, 0, 0, 0, 0, 0, 0, 0, 0, -0, -0, -0, -0, 0, 0, -0, -0, -0, -0, -0, -0, 0.000368406, 0.000351286, 0.00037838, 0.00202629, 0.00187393, 0.00186064, 0.00187866, 0.00159921, 0.00170411, 0.00197367, 0.00226873, 0.00221642, -0.0109775, -0.0117097, -0.0104481, 0.00281877, 0.00255448, 0.00318073, -0.00622002, -0.00602882, -0.005752, -0.00134741, -0.00139221, -0.00147105, -0.00111961, -0.00118793, -0.00121219 ]
}