{
	"brightness": 3.67,
	"diffuseSPH":[ 0.674991, 0.518201, 0.317209, -0.182356, -0.170789, -0.0547015, 0.101758, 0.092799, 0.108034, -0.192414, -0.130305, -0.0402232, 0.0373512, 0.0284038, 0.00552949, -0.011706, -0.00990075, -0.0131654, 0.0151101, 0.0168062, 0.010571, -0.108852, -0.0840356, -0.0346813, 0.00672445, 0.0256439, 0.0509195, -0, -0, -0, 0, 0, 0, -0, -0, -0, -0, -0, -0, -0, -0, -0, 0, 0, 0, 0, 0, -0, -0.00170353, -0.00113669, 8.20124e-05, 0.00944696, 0.00806383, 0.00386346, -0.0017242, -0.000676103, -2.82845e-05, -0.00641123, -0.00502951, -0.000689418, 0.0133142, 0.011359, 0.00675224, -0.00479819, -0.0039105, -0.00295236, -0.00152841, -0.0032059, -0.00769163, -0.0116151, -0.00758366, 0.00122195, 0.00523556, 0.00257272, -0.00244406 ]
}