{
	"brightness": 3.2,
	"diffuseSPH":[ 0.320181, 0.286865, 0.267035, -0.100326, -0.11059, -0.122596, 0.034846, 0.0352324, 0.0368634, 0.0517685, 0.039691, 0.0348743, -0.00248551, -0.0036479, -0.00514292, -0.01598, -0.018203, -0.0196967, 0.00158718, 0.00170693, 0.0020312, 0.000854798, 0.00133513, 0.000577485, -0.00584138, -0.0116586, -0.0147566, 0, 0, 0, -0, -0, -0, -0, -0, -0, 0, -0, -0, -0, -0, 0, -0, -0, -0, 0, 0, 0, 0.00179443, 0.00130901, 0.00100264, -0.00280141, -0.00314016, -0.00356281, 0.00101689, 0.00118296, 0.00135243, 0.00118287, 0.00109003, 0.000982825, 0.000755129, 0.00129907, 0.00181328, -0.000814707, -0.000621531, -0.000576301, 0.00249916, 0.00259782, 0.0029543, 0.000466107, 0.000478132, 0.000480242, -0.0010471, -0.000708533, -8.83201e-05 ]
}