{
	"brightness": 5.6,
	"diffuseSPH":[ 0.167291, 0.165166, 0.194411, -0.066273, -0.0845105, -0.124874, 0.0278642, 0.0239928, 0.016648, 0.0275611, 0.0268728, 0.0221437, -0.0135505, -0.0119776, -0.00897824, -0.00994777, -0.00779465, -0.00328057, -0.00365211, -0.00463138, -0.00681532, 0.0100938, 0.00892525, 0.00651218, 0.00303285, -0.00065831, -0.00753452, -0, -0, -0, -0, -0, -0, -0, -0, -0, -0, -0, 0, -0, -0, -0, 0, 0, 0, -0, -0, -0, 0.00125012, 0.00123221, 0.0011698, 0.00176726, 0.00176188, 0.00174632, 0.000424175, 0.000334747, 6.03869e-05, 0.000144954, 0.00045808, 0.000988286, 0.000998702, 0.00138583, 0.00211045, 0.000643076, 0.00079026, 0.00101456, 0.000663445, 0.00113044, 0.00207879, 0.000475247, 0.000422305, 0.000307744, 0.00157256, 0.00171234, 0.002086 ]
}