{
	"brightness": 2.4,
	"diffuseSPH":[ 0.790901, 0.875219, 0.997857, -0.287899, -0.370118, -0.526643, -0.0317577, -0.0643403, -0.104845, -0.363933, -0.424905, -0.48852, 0.106537, 0.138238, 0.199227, -0.0179445, -0.00790404, 0.0140022, 0.0128313, 0.0120791, -0.002607, -0.0140507, -0.0160661, -0.0124322, -0.00861378, -0.0232796, -0.0546203, -0, -0, -0, 0, 0, 0, -0, -0, -0, -0, -0, -0, -0, -0, -0, 0, 0, 0, 0, 0, 0, 0.00878176, 0.0106189, 0.0136998, 0.0067334, 0.00762282, 0.00867002, -0.00815689, -0.00907057, -0.00953432, -0.00366546, -0.00594671, -0.00932589, 0.00222902, 0.00184591, 0.00266996, -0.00166537, -0.00222114, -0.00267031, 0.00180299, 0.00262018, 0.00488063, -0.0039394, -0.00378724, -0.00301335, 0.0117219, 0.0141702, 0.0195498 ]
}