{
	"brightness": 4.15,
	"diffuseSPH":[ 0.334318, 0.339842, 0.331544, -0.0821997, -0.107663, -0.148119, 0.0464267, 0.0505039, 0.0570629, 0.0382581, 0.0564868, 0.0703304, -0.02373, -0.0285871, -0.0306236, -0.019938, -0.0223316, -0.0267489, -0.0391029, -0.0432249, -0.0451137, 0.0207851, 0.0234367, 0.0222477, 0.0130793, 0.00800838, -0.00379592, -0, -0, -0, -0, -0, -0, 0, 0, 0, -0, -0, -0, -0, -0, -0, 0, 0, 0, -0, -0, -0, 0.0016854, 0.00214301, 0.00256408, 0.00332517, 0.00371231, 0.00406499, -0.00215772, -0.00267711, -0.00343851, -0.00284366, -0.00338525, -0.00395956, -0.00155172, -0.00189387, -0.00197102, 0.00434125, 0.00515566, 0.00572699, 0.000219489, 0.000122423, -5.26889e-05, 0.00195586, 0.00203784, 0.00179846, 0.00537077, 0.00569845, 0.00563427 ]
}