{
	"brightness": 4.2,
	"diffuseSPH":[ 0.368093, 0.228789, 0.0619946, -0.0492996, -0.0237819, -0.0031539, -0.0275285, -0.0240804, -0.0123407, -0.0460234, -0.0244209, -0.00101746, 0.03866, 0.0191537, 0.00114892, -0.00949282, -0.00486668, -0.000612802, -0.0113367, -0.00244656, 0.00405144, -0.0327893, -0.0220684, -0.00658949, 0.0374592, 0.0264156, 0.00713627, -0, -0, -0, 0, 0, 0, 0, 0, -0, -0, -0, -0, 0, 0, 0, -0, -0, -0, 0, 0, 0, -0.000115821, 6.48422e-05, 0.000297005, 0.00044704, 0.000290167, -3.74436e-06, 0.00118059, 0.000769572, 0.000370381, -0.000957284, -0.000511895, -0.000216502, -0.000853425, -0.000768028, -0.000444103, 0.0024075, 0.00215426, 0.00103126, -0.00148302, -0.0014268, -0.00069153, -5.0376e-05, 0.000344467, 4.63705e-05, 0.00295929, 0.000851151, -0.000317251 ]
}