{
	"brightness": 2.3,
	"diffuseSPH":[ 0.621641, 0.842194, 0.501796, -0.267649, -0.425326, -0.233702, 0.114773, 0.12267, 0.0915706, 0.0261531, 0.0223468, 0.00653366, 0.0590947, 0.0618789, 0.0530598, -0.0592505, -0.0645473, -0.0377296, -0.0217444, -0.0329214, -0.0100222, 0.0182528, 0.0299532, 0.0200528, -0.0446518, -0.0787602, -0.0409316, 0, 0, 0, 0, 0, 0, 0, 0, -0, -0, -0, -0, 0, 0, 0, -0, -0, -0, 0, 0, 0, 0.00426974, 0.00468698, 0.00524493, -0.00553876, -0.00714272, -0.00369079, -0.00144303, -6.09207e-05, -0.0015617, -0.00515922, -0.00698415, -0.00388168, 0.00453709, 0.0038737, 0.004745, -0.00253447, -0.00163992, -0.0027811, 0.00183554, 0.00165774, 0.00220856, -0.00709139, -0.00529888, -0.00589266, 0.000182491, -1.62307e-05, 0.00277471 ]
}