{
	"brightness": 0.9,
	"diffuseSPH": [ 2.37909, 2.16229, 1.84014, -0.971159, -0.808025, -0.482529, 0.0391152, -0.0337481, -0.135983, -1.22852, -1.20638, -1.16877, 0.174787, 0.168249, 0.139648, -0.113538, -0.0960942, -0.0546, -0.320638, -0.295686, -0.252308, 0.0879664, 0.0870716, 0.0943503, 0.133128, 0.171101, 0.265366, 0, 0, -0, -0, -0, -0, 0, 0, 0, -0, -0, 0, 0, 0, 0, -0, -0, -0, -0, -0, -0, -0.0243447, -0.0272505, -0.0330885, -0.0362608, -0.03187, -0.0231701, 0.0225912, 0.0212441, 0.019724, -0.0206578, -0.0141252, -0.00303882, -0.0450513, -0.0421176, -0.0372421, 0.0298855, 0.0299891, 0.0297431, 0.0228962, 0.0268024, 0.0362557, -0.0334801, -0.0315473, -0.0291388, -0.0861614, -0.0768459, -0.0630495 ]
}