{
	"brightness": 2.6,
	"diffuseSPH":[ 0.473324, 0.535124, 0.543614, -0.041828, -0.0963661, -0.160242, 0.0890252, 0.0833365, 0.0639744, 0.191824, 0.187973, 0.153422, -0.0181223, -0.0222072, -0.0243845, -0.00750393, -0.00854232, -0.00874924, -0.0175004, -0.0140119, -0.0106413, 0.0492084, 0.0457963, 0.0346935, 0.0830527, 0.0798726, 0.0597231, -0, -0, -0, -0, -0, -0, -0, -0, -0, -0, -0, -0, -0, -0, -0, 0, 0, 0, 0, 0, 0, 0.00359702, 0.00378233, 0.00338043, 0.00258719, 0.00252544, 0.00214447, -0.000645505, -0.000493412, -0.000294286, -0.000591487, -0.000410734, -0.000202253, -0.00153905, -0.00155143, -0.00108822, 0.00472243, 0.00433112, 0.00324549, -0.000425484, -0.000738201, -0.000545611, -0.00647388, -0.00576536, -0.00395718, -0.00804096, -0.00716925, -0.00447538 ]
}