{
	"brightness": 2.8,
	"diffuseSPH": [ 0.626077, 0.646877, 0.605447, -0.156496, -0.19864, -0.28863, -0.172115, -0.174827, -0.178214, -0.0512166, -0.070117, -0.0976048, 0.0388125, 0.0414834, 0.0463893, 0.0794558, 0.0788347, 0.0759933, 0.0230849, 0.0222082, 0.0198049, 0.0507588, 0.0538213, 0.0566154, 0.0104322, 0.00829399, 0.00206551, -0, -0, -0, -0, -0, -0, -0, -0, -0, 0, 0, 0, -0, -0, -0, 0, 0, 0, 0, 0, 0, -0.000168358, -2.3174e-05, -5.21424e-05, -0.00593041, -0.00595604, -0.00598609, -0.0094929, -0.00951577, -0.00970815, 0.00123532, 0.00161495, 0.00216223, 0.0072371, 0.00742425, 0.00773034, 0.00120019, 0.00133103, 0.00161731, 0.00134812, 0.00132922, 0.00149143, 0.00832762, 0.00845443, 0.008781, 0.00446858, 0.00471568, 0.00513493 ]
}