{
	"brightness": 3.0569,
	"diffuseSPH":[ 0.383494, 0.277328, 0.271367, -0.00503118, -0.0214887, -0.0646162, -0.0603429, -0.00156439, 0.00485975, 0.027724, 0.0290336, 0.0589922, -0.0113017, -0.00809537, -0.0152219, 0.0134622, -7.90959e-05, -0.00290668, 0.0586689, 0.0376123, 0.0344299, -0.00614273, 0.00126669, 0.0018042, 0.0255754, 0.0278939, 0.0298271, -0, -0, -0, 0, 0, 0, -0, -0, -0, -0, 0, 0, 0, 0, 0, -0, -0, -0, -0, 0, 0, 0.000242604, 0.000489731, 0.00135775, -0.0027761, -0.00117072, -0.000749574, 0.00535253, 0.00311965, 0.00402652, -0.00103593, 0.00144451, 0.00165665, -0.00248894, -0.00305895, -0.00327579, 0.00201821, 0.00047722, 0.000529348, 0.00121988, 0.00216596, 0.00179212, -0.00282739, -0.00104777, -0.000640025, -0.00316381, -0.00383996, -0.00295118 ]
}