{
	"brightness": 1.0,
	"diffuseSPH":[ 1.89295, 2.01006, 1.96687, -0.512819, -0.642543, -0.773361, 1.02173, 1.05783, 0.982846, 0.36226, 0.351619, 0.299618, -0.116362, -0.110845, -0.0944824, -0.24075, -0.241076, -0.220597, 0.411379, 0.396396, 0.324622, 0.282634, 0.278274, 0.252422, 0.0672737, 0.0780187, 0.0785975, -0, -0, -0, -0, -0, -0, -0, -0, -0, 0, 0, 0, 0, 0, 0, 0, 0, 0, -0, -0, -0, 0.0033805, 0.00302394, 0.00189995, 0.019812, 0.0205844, 0.0198581, 0.0540587, 0.0505111, 0.0419492, 0.0557255, 0.0550345, 0.0496857, -0.0131688, -0.0128277, -0.0110007, -0.0677625, -0.0629565, -0.0517313, -0.0159586, -0.0154736, -0.0125862, 0.00392422, 0.00271913, 0.00203308, 0.00216973, 0.00162848, 0.0023782 ]
}