{
	"brightness": 0.8,
	"diffuseSPH": [ 1.97921, 2.7153, 3.5866, -0.487233, -0.906623, -1.48148, 0.406559, 0.36244, 0.233235, 0.555107, 0.632348, 0.627585, -0.237497, -0.265033, -0.263823, -0.201069, -0.194111, -0.160203, 0.0294147, 0.0454107, 0.0412662, 0.264102, 0.286394, 0.289627, 0.218603, 0.235102, 0.21258, -0, -0, -0, -0, -0, -0, -0, -0, -0, -0, -0, -0, 0, 0, 0, 0, 0, 0, 0, -0, -0, 0.027155, 0.0268178, 0.0233114, 0.0473109, 0.0432048, 0.0337892, 0.0261872, 0.0267235, 0.0251097, -0.00704609, -0.00897, -0.0115902, 0.0279714, 0.0266183, 0.0263044, 0.013834, 0.0141153, 0.0151956, -0.0212941, -0.0179116, -0.0101338, -0.00480104, -0.000721889, 0.00250107, 0.00406381, 0.00865121, 0.0160788 ]
}