{
	"brightness": 4.83,
	"diffuseSPH":[ 0.406985, 0.440275, 0.447895, -0.0330405, -0.0632786, -0.114392, -0.104059, -0.109056, -0.0988794, 0.0711323, 0.0717453, 0.0599354, -0.0182507, -0.0184133, -0.0166005, 0.0208748, 0.0220007, 0.021662, 0.0380522, 0.0372471, 0.0290332, -0.045018, -0.0434785, -0.0357977, 0.0119194, 0.0124034, 0.00809241, -0, -0, -0, 0, 0, 0, -0, -0, -0, -0, -0, -0, 0, 0, 0, -0, -0, -0, -0, -0, -0, 0.00110581, 0.0010583, 0.000806946, -0.0025262, -0.00254935, -0.00218132, 0.00388405, 0.00382112, 0.0031517, -0.00305147, -0.00311193, -0.00275902, 0.000639517, 0.000830183, 0.0012291, 0.00591987, 0.00546308, 0.00406826, -0.0041826, -0.00379828, -0.0022008, 0.00107676, 0.000879978, 0.000371981, 8.5619e-05, 0.000201114, 0.000867066 ]
}