{
	"brightness": 4.2569,
	"diffuseSPH":[ 0.203843, 0.219821, 0.21913, -0.012513, -0.0167094, -0.0183567, 0.0264668, 0.030795, 0.0350091, 0.066815, 0.0782196, 0.0839524, -0.00773841, -0.00936507, -0.0117993, -0.00417445, -0.00503387, -0.00685845, 0.0148093, 0.0171948, 0.0174696, 0.0202041, 0.0233665, 0.0283066, 0.0187883, 0.0228616, 0.0240031, -0, -0, -0, -0, -0, -0, -0, -0, -0, -0, -0, -0, 0, 0, 0, 0, 0, 0, 0, 0, 0, 0.00221141, 0.00246665, 0.00299677, 0.00303963, 0.00334659, 0.00435696, 0.00169028, 0.0019063, 0.00252953, -0.000367602, -0.000392133, -0.00054061, 0.000964353, 0.000917347, 0.00160583, 0.000502214, 0.000485375, 0.000827038, -0.00369411, -0.00420451, -0.00474083, -0.00144529, -0.00166829, -0.0020214, -0.000824949, -0.00112949, -0.000856556 ]
}